post_id,likes,comments
IG0001,2560,55
IG0002,1738,32
IG0003,1718,32
IG0004,1619,30
IG0005,482,12
IG0006,1855,40
IG0007,397,15
IG0008,604,21
IG0009,2915,51
IG0010,2059,41
IG0011,3346,56
IG0012,894,49
IG0013,462,9
IG0014,916,32
IG0015,1184,37
IG0016,1164,22
IG0017,2566,74
IG0018,836,27
IG0019,1428,36
IG0020,522,15
IG0021,1537,29
IG0022,1099,23
IG0023,625,19
IG0024,919,33
IG0025,955,23
IG0026,896,17
IG0027,4140,75
IG0028,1019,29
IG0029,913,25
IG0030,227,16
IG0031,561,15
IG0032,900,17
IG0033,656,14
IG0034,3091,49
IG0035,969,23
IG0036,2882,50
IG0037,1149,23
IG0038,1128,18
IG0039,1026,18
IG0040,1100,33
IG0041,3980,64
IG0042,193,12
IG0043,244,6
IG0044,730,31
IG0045,1109,23
IG0046,1840,37
IG0047,1564,61
IG0048,822,34
IG0049,2355,41
IG0050,2375,40
IG0051,1259,25
IG0052,2257,44
IG0053,1345,27
IG0054,720,16
IG0055,1851,48
IG0056,1191,25
IG0057,1098,53
IG0058,3310,58
IG0059,174,28
IG0060,379,15
IG0061,450,21
IG0062,835,17
IG0063,906,18
IG0064,354,16
IG0065,524,23
IG0066,575,16
IG0067,6926,107
IG0068,4236,66
IG0069,805,15
IG0070,835,15
IG0071,463,15
IG0072,262,20
IG0073,1005,22
IG0074,519,9
IG0075,1029,22
IG0076,330,12
IG0077,619,41
IG0078,1226,21
IG0079,1443,27
IG0080,1500,47
IG0081,407,16
IG0082,2082,42
IG0083,602,17
IG0084,1763,36
IG0085,1088,29
IG0086,391,10
IG0087,865,27
IG0088,1442,24
IG0089,1737,35
IG0090,987,23
IG0091,3459,57
IG0092,2335,42
IG0093,905,18
IG0094,1925,32
IG0095,4677,76
IG0096,4771,75
IG0097,437,16
IG0098,547,12
IG0099,3340,62
IG0100,496,11
IG0101,407,11
IG0102,762,16
IG0103,1503,41
IG0104,1016,25
IG0105,673,16
IG0106,661,20
IG0107,643,11
IG0108,567,16
IG0109,6071,121
IG0110,1371,29
IG0111,2133,40
IG0112,760,22
IG0113,954,28
IG0114,642,11
IG0115,150,5
IG0116,390,14
IG0117,282,9
IG0118,203,22
IG0119,447,13
IG0120,2962,46
IG0121,1061,19
IG0122,2887,44
IG0123,1493,29
IG0124,1972,36
IG0125,558,14
IG0126,1625,40
IG0127,1894,46
IG0128,712,17
IG0129,1668,27
IG0130,1677,37
IG0131,726,22
IG0132,472,16
IG0133,451,21
IG0134,1170,21
IG0135,1401,51
IG0136,605,13
IG0137,1119,29
IG0138,1682,28
IG0139,1743,30
IG0140,3512,74
IG0141,2858,49
IG0142,518,21
IG0143,3877,67
IG0144,736,18
IG0145,2401,55
IG0146,1154,24
IG0147,805,14
IG0148,283,8
IG0149,964,25
IG0150,341,15
IG0151,2265,36
IG0152,3421,56
IG0153,603,14
IG0154,1375,26
IG0155,636,12
IG0156,684,15
IG0157,1960,34
IG0158,1065,29
IG0159,4043,74
IG0160,764,18
IG0161,2320,40
IG0162,1180,26
IG0163,1992,34
IG0164,784,15
IG0165,1057,20
IG0166,1006,20
IG0167,586,12
IG0168,1802,35
IG0169,1786,39
IG0170,1712,28
IG0171,3473,60
IG0172,3252,55
IG0173,828,22
IG0174,1451,29
IG0175,687,13
IG0176,1116,20
IG0177,699,18
IG0178,3696,71
IG0179,1441,23
IG0180,931,23
IG0181,2684,57
IG0182,215,10
IG0183,242,14
IG0184,1992,34
IG0185,1148,24
IG0186,1323,22
IG0187,406,8
IG0188,1078,30
IG0189,4928,78
IG0190,2035,36
IG0191,1245,21
IG0192,789,15
IG0193,816,19
IG0194,222,8
IG0195,1330,30
IG0196,2068,41
IG0197,336,14
IG0198,668,19
IG0199,460,29
IG0200,532,11
IG0201,1142,24
IG0202,230,20
IG0203,1738,44
IG0204,1930,32
IG0205,908,20
IG0206,171,22
IG0207,519,18
IG0208,2765,50
IG0209,137,8
IG0210,845,18
IG0211,453,16
IG0212,2005,36
IG0213,661,17
IG0214,1485,30
IG0215,1676,30
IG0216,4347,76
IG0217,942,71
IG0218,1454,24
IG0219,360,15
IG0220,2678,45
IG0221,620,20
IG0222,720,18
IG0223,1078,29
IG0224,340,22
IG0225,1302,28
IG0226,2266,50
IG0227,1366,22
IG0228,333,27
IG0229,999,25
IG0230,1913,44
IG0231,268,7
IG0232,490,11
IG0233,2116,40
IG0234,1343,27
IG0235,1494,31
IG0236,4423,82
IG0237,1558,26
IG0238,1796,42
IG0239,8375,133
IG0240,934,20
IG0241,603,12
IG0242,1511,33
IG0243,1524,24
IG0244,739,23
IG0245,506,10
IG0246,6200,101
IG0247,1401,28
IG0248,633,26
IG0249,2180,39
IG0250,1010,20
IG0251,907,19
IG0252,1672,43
IG0253,416,17
IG0254,1429,27
IG0255,4604,75
IG0256,1556,26
IG0257,827,22
IG0258,750,13
IG0259,806,25
IG0260,906,22
IG0261,826,52
IG0262,2180,36
IG0263,299,11
IG0264,2093,57
IG0265,825,29
IG0266,1455,26
IG0267,471,16
IG0268,2970,52
IG0269,2791,51
IG0270,2252,38
IG0271,352,12
IG0272,2042,33
IG0273,1486,30
IG0274,329,15
IG0275,1077,22
IG0276,1441,24
IG0277,1664,40
IG0278,1253,28
IG0279,1364,25
IG0280,3312,56
IG0281,2750,44
IG0282,128,6
IG0283,864,18
IG0284,969,32
IG0285,295,9
IG0286,1177,29
IG0287,2798,47
IG0288,485,16
IG0289,1411,28
IG0290,552,22
IG0291,663,15
IG0292,3321,52
IG0293,730,14
IG0294,1551,28
IG0295,270,7
IG0296,4433,76
IG0297,1723,31
IG0298,956,53
IG0299,1689,28
IG0300,381,14
