order_id,delivery_time,order_value
SWG0001,48.6,444.42
SWG0002,44.0,390.13
SWG0003,27.8,405.65
SWG0004,20.0,353.96
SWG0005,15.0,400.86
SWG0006,29.6,485.95
SWG0007,59.2,582.53
SWG0008,39.3,343.46
SWG0009,29.4,357.11
SWG0010,39.7,477.11
SWG0011,19.4,297.55
SWG0012,32.0,352.18
SWG0013,36.0,454.72
SWG0014,34.1,373.62
SWG0015,42.9,423.83
SWG0016,38.4,477.16
SWG0017,41.7,435.6
SWG0018,28.1,398.78
SWG0019,44.0,512.44
SWG0020,51.3,436.48
SWG0021,25.3,313.78
SWG0022,26.1,492.26
SWG0023,48.4,413.92
SWG0024,33.1,221.11
SWG0025,49.0,355.7
SWG0026,30.6,396.64
SWG0027,49.6,529.64
SWG0028,36.3,423.62
SWG0029,37.6,552.35
SWG0030,50.6,293.98
SWG0031,31.4,435.31
SWG0032,25.6,499.65
SWG0033,30.5,292.1
SWG0034,39.5,422.48
SWG0035,19.3,247.64
SWG0036,41.4,389.13
SWG0037,29.6,357.92
SWG0038,46.5,633.82
SWG0039,15.0,450.36
SWG0040,27.1,339.71
SWG0041,18.1,478.4
SWG0042,26.7,370.37
SWG0043,37.5,600.17
SWG0044,33.2,404.06
SWG0045,32.5,419.06
SWG0046,33.4,446.75
SWG0047,37.0,725.33
SWG0048,24.9,431.02
SWG0049,42.1,410.83
SWG0050,41.6,558.6
SWG0051,38.9,419.39
SWG0052,40.6,419.88
SWG0053,38.0,527.52
SWG0054,55.4,570.25
SWG0055,34.1,443.98
SWG0056,31.9,404.76
SWG0057,27.5,402.55
SWG0058,24.7,390.99
SWG0059,22.6,163.56
SWG0060,26.1,422.78
SWG0061,34.3,331.67
SWG0062,38.3,318.59
SWG0063,35.5,423.32
SWG0064,27.3,378.97
SWG0065,44.0,425.6
SWG0066,42.4,551.55
SWG0067,33.4,293.03
SWG0068,28.5,342.67
SWG0069,40.5,410.75
SWG0070,36.9,433.97
SWG0071,20.5,348.73
SWG0072,34.3,329.53
SWG0073,37.6,508.53
SWG0074,26.0,367.69
SWG0075,36.9,268.01
SWG0076,20.5,146.89
SWG0077,48.4,517.42
SWG0078,47.5,492.47
SWG0079,32.5,398.02
SWG0080,38.6,447.92
SWG0081,15.0,305.3
SWG0082,23.4,429.34
SWG0083,32.1,304.44
SWG0084,24.3,244.47
SWG0085,42.1,376.61
SWG0086,55.0,590.81
SWG0087,23.2,454.68
SWG0088,26.6,327.56
SWG0089,37.4,216.33
SWG0090,51.1,384.42
SWG0091,22.8,264.46
SWG0092,37.5,392.24
SWG0093,53.2,515.74
SWG0094,18.5,312.85
SWG0095,22.2,307.27
SWG0096,30.8,489.79
SWG0097,29.8,327.72
SWG0098,43.1,404.27
SWG0099,37.4,485.01
SWG0100,17.3,162.54
SWG0101,40.2,496.15
SWG0102,29.2,393.8
SWG0103,47.7,500.94
SWG0104,28.7,524.01
SWG0105,28.6,324.44
SWG0106,40.4,648.31
SWG0107,42.6,458.12
SWG0108,39.5,341.44
SWG0109,18.1,313.3
SWG0110,40.4,365.8
SWG0111,24.7,284.94
SWG0112,37.4,477.2
SWG0113,20.8,375.34
SWG0114,39.5,400.25
SWG0115,26.9,457.4
SWG0116,22.2,439.39
SWG0117,42.1,604.23
SWG0118,37.4,489.56
SWG0119,28.9,504.73
SWG0120,49.5,357.31
SWG0121,30.6,365.54
SWG0122,35.3,349.22
SWG0123,37.7,454.55
SWG0124,28.8,330.19
SWG0125,39.7,443.03
SWG0126,29.7,557.05
SWG0127,30.9,380.91
SWG0128,48.6,557.63
SWG0129,24.6,331.25
SWG0130,15.0,291.81
SWG0131,51.1,538.31
SWG0132,60.5,643.8
SWG0133,30.9,501.51
SWG0134,15.6,437.69
SWG0135,31.9,431.13
SWG0136,32.1,458.02
SWG0137,33.1,308.13
SWG0138,23.9,339.15
SWG0139,40.8,550.2
SWG0140,40.2,539.65
SWG0141,20.1,339.44
SWG0142,42.0,553.72
SWG0143,55.5,612.86
SWG0144,36.7,545.06
SWG0145,31.6,427.43
SWG0146,33.6,383.05
SWG0147,41.2,498.29
SWG0148,17.7,80.0
SWG0149,36.6,470.97
SWG0150,31.1,80.0
SWG0151,53.5,399.24
SWG0152,33.3,453.47
SWG0153,51.7,584.73
SWG0154,24.0,243.12
SWG0155,40.9,402.02
SWG0156,38.2,570.71
SWG0157,26.3,320.6
SWG0158,36.8,639.28
SWG0159,47.1,509.7
SWG0160,31.8,439.06
SWG0161,18.1,452.08
SWG0162,34.8,435.56
SWG0163,26.0,271.62
SWG0164,31.6,391.16
SWG0165,34.2,416.08
SWG0166,17.9,182.78
SWG0167,18.8,288.88
SWG0168,39.8,391.95
SWG0169,29.8,471.6
SWG0170,15.0,288.12
SWG0171,42.8,454.49
SWG0172,37.7,434.51
SWG0173,27.9,395.11
SWG0174,21.8,388.34
SWG0175,43.4,393.53
SWG0176,38.5,355.71
SWG0177,58.8,691.2
SWG0178,39.2,417.3
SWG0179,38.9,324.62
SWG0180,33.3,453.26
SWG0181,43.2,523.88
SWG0182,41.3,330.99
SWG0183,47.5,533.27
SWG0184,29.8,454.71
SWG0185,30.6,428.22
SWG0186,30.2,448.34
SWG0187,42.9,353.97
SWG0188,50.0,559.68
SWG0189,30.4,365.65
SWG0190,30.8,351.81
SWG0191,38.1,525.34
SWG0192,32.5,540.93
SWG0193,44.5,653.14
SWG0194,15.0,403.33
SWG0195,26.7,357.25
SWG0196,27.2,401.98
SWG0197,15.0,354.01
SWG0198,25.4,368.45
SWG0199,25.8,372.71
SWG0200,33.0,485.06
SWG0201,46.1,497.57
SWG0202,32.5,342.21
SWG0203,24.7,315.54
SWG0204,34.4,478.07
SWG0205,45.5,498.71
SWG0206,25.2,387.3
SWG0207,25.9,421.57
SWG0208,40.6,430.36
SWG0209,32.8,477.55
SWG0210,41.5,504.42
SWG0211,34.9,312.91
SWG0212,42.0,603.92
SWG0213,24.6,307.48
SWG0214,34.9,275.2
SWG0215,32.9,316.2
SWG0216,22.8,247.99
SWG0217,19.4,320.25
SWG0218,41.9,448.36
SWG0219,31.5,370.12
SWG0220,24.8,409.21
SWG0221,34.0,448.86
SWG0222,46.3,532.41
SWG0223,15.0,321.88
SWG0224,20.0,375.69
SWG0225,25.8,170.68
SWG0226,49.6,494.48
SWG0227,37.8,248.56
SWG0228,42.7,481.96
SWG0229,23.6,344.77
SWG0230,23.8,440.73
SWG0231,39.5,563.23
SWG0232,35.6,447.33
SWG0233,40.5,418.38
SWG0234,33.1,455.53
SWG0235,37.8,396.96
SWG0236,36.6,435.94
SWG0237,42.8,568.2
SWG0238,43.1,431.29
SWG0239,18.8,384.12
SWG0240,15.0,345.97
SWG0241,45.0,409.19
SWG0242,46.9,595.79
SWG0243,24.8,416.43
SWG0244,16.4,303.98
SWG0245,36.0,363.32
SWG0246,44.3,412.83
SWG0247,53.0,502.44
SWG0248,40.2,509.97
SWG0249,31.3,312.97
SWG0250,26.1,401.86
SWG0251,35.1,314.04
SWG0252,32.0,385.69
SWG0253,24.8,363.81
SWG0254,55.5,788.47
SWG0255,52.9,426.0
SWG0256,46.4,637.0
SWG0257,25.8,374.03
SWG0258,43.6,521.86
SWG0259,41.4,480.43
SWG0260,39.4,496.0
SWG0261,47.5,498.64
SWG0262,41.4,600.34
SWG0263,42.4,435.72
SWG0264,41.4,571.48
SWG0265,38.4,390.86
SWG0266,17.2,294.72
SWG0267,35.8,334.38
SWG0268,29.4,427.02
SWG0269,22.2,465.47
SWG0270,51.8,535.77
SWG0271,52.3,528.31
SWG0272,48.6,419.83
SWG0273,37.6,422.23
SWG0274,48.5,376.19
SWG0275,35.1,343.68
SWG0276,37.0,459.61
SWG0277,24.1,467.17
SWG0278,39.0,705.62
SWG0279,35.6,376.43
SWG0280,22.0,462.99
SWG0281,34.5,443.35
SWG0282,34.2,405.81
SWG0283,53.0,589.76
SWG0284,43.9,493.17
SWG0285,35.1,435.74
SWG0286,37.5,405.67
SWG0287,35.4,302.26
SWG0288,33.0,271.87
SWG0289,24.2,408.02
SWG0290,33.5,389.52
SWG0291,27.5,319.13
SWG0292,22.5,338.24
SWG0293,40.1,532.33
SWG0294,38.9,468.62
SWG0295,17.1,240.89
SWG0296,33.8,526.78
SWG0297,45.0,636.83
SWG0298,45.6,543.66
SWG0299,45.3,584.44
SWG0300,35.4,539.5
